node_id,frame_number,dx_px,dy_px,dist_px
0,1,1.0,0.0,1.0
0,2,1.0,1.0,1.4142135623730951
0,3,1.0,1.0,1.4142135623730951
0,4,1.0,1.0,1.4142135623730951
0,5,2.0,2.0,2.8284271247461903
0,6,2.0,3.0,3.605551275463989
0,7,2.0,5.0,5.385164807134504
0,15,6.0,7.0,9.219544457292887
0,28,9.0,11.0,14.212670403551895
0,31,11.0,13.0,17.029386365926403
0,36,14.0,18.0,22.80350850198276
1,1,0.0,0.0,0.0
1,2,0.0,0.0,0.0
1,3,0.0,-1.0,1.0
1,4,1.0,0.0,1.0
1,5,1.0,0.0,1.0
1,6,1.0,0.0,1.0
1,7,1.0,1.0,1.4142135623730951
1,8,1.0,2.0,2.23606797749979
1,9,2.0,4.0,4.47213595499958
1,10,1.0,6.0,6.082762530298219
1,11,2.0,6.0,6.324555320336759
1,12,2.0,6.0,6.324555320336759
1,13,2.0,8.0,8.246211251235321
1,14,2.0,10.0,10.198039027185569
1,15,1.0,11.0,11.045361017187261
1,16,-3.0,13.0,13.341664064126334
1,17,-5.0,18.0,18.681541692269406
1,18,-3.0,19.0,19.235384061671343
1,19,-11.0,20.0,22.825424421026653
1,20,-13.0,22.0,25.553864678361276
1,21,-14.0,24.0,27.784887978899608
1,22,-15.0,27.0,30.886890422961002
1,23,-11.0,34.0,35.73513677041127
1,24,-12.0,36.0,37.94733192202055
1,25,-12.0,38.0,39.84971769034255
1,26,-12.0,41.0,42.720018726587654
1,27,-12.0,43.0,44.64302857109943
1,28,-12.0,45.0,46.57252408878007
1,29,-12.0,48.0,49.47726750741192
1,30,-10.0,52.0,52.952809179494906
1,31,-9.0,54.0,54.74486277268398
1,32,-9.0,58.0,58.69412236331676
1,33,-8.0,60.0,60.530983801686226
1,34,-8.0,64.0,64.4980619863884
1,35,-9.0,64.0,64.6297145282261
1,36,-10.0,67.0,67.7421582177598
1,37,-8.0,71.0,71.449282711585
1,44,-17.0,75.0,76.90253571892151
1,45,-16.0,71.0,72.78049189171504
1,46,-17.0,73.0,74.95331880577403
1,47,-17.0,73.0,74.95331880577403
1,48,-18.0,71.0,73.24616030891995
1,49,-18.0,71.0,73.24616030891995
1,50,-18.0,71.0,73.24616030891995
1,51,-18.0,71.0,73.24616030891995
1,52,-18.0,71.0,73.24616030891995
1,53,-18.0,71.0,73.24616030891995
1,54,-18.0,72.0,74.21590126111789
1,55,-19.0,72.0,74.46475676452586
1,56,-18.0,71.0,73.24616030891995
1,57,-17.0,71.0,73.00684899377592
1,58,-17.0,71.0,73.00684899377592
1,59,-17.0,71.0,73.00684899377592
1,60,-18.0,71.0,73.24616030891995
1,61,-18.0,71.0,73.24616030891995
1,62,-18.0,71.0,73.24616030891995
1,63,-18.0,71.0,73.24616030891995
1,64,-18.0,71.0,73.24616030891995
1,65,-18.0,71.0,73.24616030891995
1,66,-18.0,71.0,73.24616030891995
1,67,-18.0,71.0,73.24616030891995
1,68,-18.0,71.0,73.24616030891995
1,69,-19.0,71.0,73.49829930005184
1,70,-19.0,72.0,74.46475676452586
1,71,-19.0,72.0,74.46475676452586
2,1,0.0,0.0,0.0
2,2,2.0,0.0,2.0
2,3,2.0,0.0,2.0
2,4,3.0,0.0,3.0
2,5,3.0,0.0,3.0
2,6,3.0,1.0,3.1622776601683795
2,7,3.0,2.0,3.605551275463989
2,8,3.0,3.0,4.242640687119285
2,9,4.0,5.0,6.4031242374328485
2,10,4.0,7.0,8.06225774829855
2,11,3.0,8.0,8.54400374531753
2,12,3.0,8.0,8.54400374531753
2,13,3.0,10.0,10.44030650891055
2,14,4.0,12.0,12.649110640673518
2,15,4.0,14.0,14.560219778561036
2,16,5.0,16.0,16.76305461424021
2,17,4.0,19.0,19.4164878389476
3,6,0.0,1.0,1.0
3,7,0.0,2.0,2.0
3,8,-1.0,3.0,3.1622776601683795
3,9,2.0,3.0,3.605551275463989
3,10,-2.0,8.0,8.246211251235321
3,11,-2.0,8.0,8.246211251235321
3,12,-2.0,9.0,9.219544457292887
3,13,7.0,10.0,12.206555615733702
3,26,-1.0,11.0,11.045361017187261
3,32,-2.0,12.0,12.165525060596439
4,6,1.0,1.0,1.4142135623730951
4,7,2.0,2.0,2.8284271247461903
4,8,2.0,2.0,2.8284271247461903
4,9,3.0,4.0,5.0
4,10,4.0,6.0,7.211102550927978
4,11,4.0,6.0,7.211102550927978
4,12,5.0,6.0,7.810249675906654
4,13,6.0,8.0,10.0
4,14,6.0,9.0,10.816653826391969
4,15,6.0,10.0,11.661903789690601
4,16,6.0,10.0,11.661903789690601
4,17,6.0,10.0,11.661903789690601
4,18,6.0,11.0,12.529964086141668
4,19,7.0,11.0,13.038404810405298
4,20,7.0,10.0,12.206555615733702
4,21,7.0,10.0,12.206555615733702
4,22,7.0,11.0,13.038404810405298
4,23,7.0,11.0,13.038404810405298
4,24,7.0,12.0,13.892443989449804
4,25,7.0,12.0,13.892443989449804
4,26,7.0,12.0,13.892443989449804
4,27,8.0,11.0,13.601470508735444
4,28,8.0,11.0,13.601470508735444
4,29,7.0,11.0,13.038404810405298
4,30,7.0,12.0,13.892443989449804
4,31,6.0,12.0,13.416407864998739
4,32,5.0,12.0,13.0
4,33,3.0,11.0,11.40175425099138
4,34,3.0,9.0,9.486832980505138
4,35,4.0,9.0,9.848857801796104
4,36,6.0,10.0,11.661903789690601
4,38,12.0,10.0,15.620499351813308
4,39,13.0,10.0,16.401219466856727
4,40,15.0,12.0,19.209372712298546
5,1,0.0,0.0,0.0
5,2,0.0,0.0,0.0
5,3,1.0,-1.0,1.4142135623730951
5,4,1.0,0.0,1.0
5,5,2.0,-1.0,2.23606797749979
5,6,2.0,0.0,2.0
5,7,2.0,0.0,2.0
5,8,3.0,1.0,3.1622776601683795
5,9,3.0,3.0,4.242640687119285
5,10,3.0,5.0,5.830951894845301
5,11,3.0,5.0,5.830951894845301
5,12,4.0,5.0,6.4031242374328485
5,13,3.0,7.0,7.615773105863909
5,14,0.0,10.0,10.0
5,15,-3.0,12.0,12.36931687685298
5,16,-8.0,14.0,16.1245154965971
5,17,-13.0,17.0,21.400934559032695
5,18,-15.0,20.0,25.0
5,19,-17.0,21.0,27.018512172212592
5,20,-20.0,25.0,32.01562118716424
5,21,-21.0,28.0,35.0
5,22,-23.0,31.0,38.600518131237564
5,23,-22.0,33.0,39.66106403010388
5,24,-23.0,36.0,42.720018726587654
5,25,-23.0,38.0,44.41846462902562
5,26,-22.0,41.0,46.52956049652737
5,27,-22.0,44.0,49.193495504995376
5,28,-22.0,47.0,51.894122981316485
5,29,-25.0,53.0,58.60034129593445
5,30,-26.0,57.0,62.64982043070834
5,31,-26.0,60.0,65.39113089708727
5,32,-26.0,64.0,69.07966415668217
5,33,-27.0,66.0,71.30918594402827
5,34,-26.0,69.0,73.7360156233031
5,35,-26.0,73.0,77.4919350642375
5,36,-26.0,77.0,81.27115109311545
5,37,-25.0,81.0,84.77027781009096
5,38,-23.0,83.0,86.1278120005379
5,39,-23.0,85.0,88.05679985100527
5,40,-22.0,89.0,91.67878707749138
6,1,0.0,0.0,0.0
6,2,0.0,0.0,0.0
6,3,-1.0,-1.0,1.4142135623730951
6,4,0.0,0.0,0.0
6,5,-1.0,0.0,1.0
6,6,-1.0,0.0,1.0
6,7,-2.0,1.0,2.23606797749979
6,8,-2.0,2.0,2.8284271247461903
6,9,-2.0,4.0,4.47213595499958
6,10,-2.0,6.0,6.324555320336759
6,11,-3.0,6.0,6.708203932499369
6,12,-2.0,6.0,6.324555320336759
6,13,-2.0,8.0,8.246211251235321
6,14,-1.0,10.0,10.04987562112089
6,15,-1.0,12.0,12.041594578792296
6,16,-2.0,14.0,14.142135623730951
6,17,-3.0,17.0,17.26267650163207
6,18,-3.0,20.0,20.223748416156685
6,19,-3.0,22.0,22.20360331117452
6,20,-3.0,24.0,24.186773244895647
6,21,-3.0,27.0,27.16615541441225
6,22,-3.0,29.0,29.154759474226502
6,23,-3.0,32.0,32.14031735997639
6,24,-2.0,35.0,35.05709628591621
6,25,6.0,34.0,34.52535300326414
6,26,9.0,37.0,38.07886552931954
6,27,10.0,39.0,40.26164427839479
6,28,10.0,41.0,42.20189569201838
6,29,11.0,44.0,45.35416188179427
6,30,12.0,47.0,48.507731342539614
6,31,11.0,50.0,51.19570294468082
6,32,10.0,54.0,54.91812087098393
6,33,9.0,57.0,57.706152185014034
6,34,9.0,60.0,60.67124524847005
6,35,7.0,62.0,62.39390995922599
6,36,6.0,65.0,65.27633568147036
6,37,5.0,68.0,68.18357573492314
6,44,5.0,67.0,67.1863081289633
6,45,9.0,76.0,76.53103945458993
6,46,10.0,76.0,76.6550715869472
6,47,10.0,76.0,76.6550715869472
6,48,10.0,76.0,76.6550715869472
6,49,10.0,76.0,76.6550715869472
6,50,11.0,76.0,76.79192665899195
6,51,11.0,76.0,76.79192665899195
6,52,11.0,76.0,76.79192665899195
6,53,11.0,76.0,76.79192665899195
6,54,11.0,76.0,76.79192665899195
6,55,12.0,76.0,76.94153624668537
6,56,12.0,76.0,76.94153624668537
6,57,12.0,76.0,76.94153624668537
6,58,12.0,75.0,75.95393340703298
6,59,12.0,75.0,75.95393340703298
6,60,13.0,76.0,77.10382610480494
6,61,13.0,76.0,77.10382610480494
6,62,13.0,76.0,77.10382610480494
6,63,13.0,76.0,77.10382610480494
6,64,13.0,76.0,77.10382610480494
6,65,13.0,76.0,77.10382610480494
6,66,13.0,76.0,77.10382610480494
6,67,13.0,76.0,77.10382610480494
6,68,13.0,76.0,77.10382610480494
6,69,13.0,76.0,77.10382610480494
6,70,13.0,76.0,77.10382610480494
6,71,13.0,76.0,77.10382610480494
7,5,0.0,0.0,0.0
7,6,-1.0,1.0,1.4142135623730951
7,7,-2.0,2.0,2.8284271247461903
7,8,-2.0,3.0,3.605551275463989
7,9,-3.0,5.0,5.830951894845301
7,10,-2.0,7.0,7.280109889280518
7,11,-2.0,7.0,7.280109889280518
7,12,0.0,7.0,7.0
7,13,0.0,8.0,8.0
7,14,-2.0,9.0,9.219544457292887
7,15,-4.0,10.0,10.770329614269007
7,16,-6.0,10.0,11.661903789690601
7,17,-8.0,9.0,12.041594578792296
7,18,-14.0,10.0,17.204650534085253
7,19,-17.0,10.0,19.72308292331602
7,20,-20.0,10.0,22.360679774997898
7,21,-20.0,10.0,22.360679774997898
7,22,-21.0,11.0,23.706539182259394
7,23,-29.0,9.0,30.364452901377952
7,24,-30.0,9.0,31.32091952673165
7,25,-26.0,10.0,27.85677655436824
7,26,-28.0,9.0,29.410882339705484
7,27,-30.0,9.0,31.32091952673165
7,28,-32.0,9.0,33.24154027718932
7,29,-33.0,9.0,34.20526275297414
7,30,-34.0,9.0,35.17101079013795
7,31,-35.0,9.0,36.138621999185304
7,32,-36.0,9.0,37.107950630558946
7,33,-37.0,9.0,38.07886552931954
7,34,-33.0,6.0,33.54101966249684
7,35,-33.0,6.0,33.54101966249684
7,36,-34.0,6.0,34.52535300326414
7,37,-40.0,6.0,40.44749683231337
8,5,0.0,0.0,0.0
8,6,0.0,1.0,1.0
8,7,1.0,2.0,2.23606797749979
8,8,1.0,3.0,3.1622776601683795
8,9,2.0,5.0,5.385164807134504
8,10,2.0,7.0,7.280109889280518
8,11,3.0,7.0,7.615773105863909
8,12,3.0,7.0,7.615773105863909
8,13,1.0,8.0,8.06225774829855
8,14,4.0,9.0,9.848857801796104
8,15,5.0,10.0,11.180339887498949
8,16,5.0,10.0,11.180339887498949
8,17,5.0,9.0,10.295630140987
8,18,5.0,10.0,11.180339887498949
8,19,4.0,10.0,10.770329614269007
8,20,5.0,10.0,11.180339887498949
8,21,6.0,10.0,11.661903789690601
8,22,5.0,11.0,12.083045973594572
8,23,7.0,11.0,13.038404810405298
8,24,7.0,11.0,13.038404810405298
8,25,7.0,11.0,13.038404810405298
8,26,8.0,11.0,13.601470508735444
8,27,8.0,11.0,13.601470508735444
8,28,8.0,11.0,13.601470508735444
8,29,15.0,11.0,18.601075237738275
8,30,17.0,11.0,20.248456731316587
8,31,18.0,11.0,21.095023109728988
8,32,18.0,11.0,21.095023109728988
8,33,17.0,11.0,20.248456731316587
8,34,15.0,11.0,18.601075237738275
8,35,13.0,11.0,17.029386365926403
8,36,7.0,7.0,9.899494936611665
8,37,14.0,7.0,15.652475842498529
8,38,13.0,8.0,15.264337522473747
8,39,14.0,8.0,16.1245154965971
9,1,0.0,-1.0,1.0
9,2,1.0,0.0,1.0
9,3,1.0,-1.0,1.4142135623730951
9,4,1.0,0.0,1.0
9,5,1.0,1.0,1.4142135623730951
9,6,1.0,-1.0,1.4142135623730951
9,7,2.0,0.0,2.0
9,8,2.0,1.0,2.23606797749979
9,9,2.0,3.0,3.605551275463989
9,10,2.0,5.0,5.385164807134504
9,11,2.0,5.0,5.385164807134504
9,12,2.0,5.0,5.385164807134504
9,13,2.0,7.0,7.280109889280518
9,14,1.0,10.0,10.04987562112089
9,15,-1.0,11.0,11.045361017187261
9,16,-6.0,12.0,13.416407864998739
9,17,-11.0,14.0,17.804493814764857
9,18,-14.0,16.0,21.2602916254693
9,19,-17.0,18.0,24.758836806279895
9,20,-24.0,22.0,32.55764119219941
9,21,-25.0,23.0,33.97057550292606
9,22,-27.0,25.0,36.796738985948195
9,23,-27.0,27.0,38.18376618407357
9,24,-27.0,30.0,40.36087214122113
9,25,-26.0,32.0,41.23105625617661
9,26,-25.0,35.0,43.01162633521314
9,27,-25.0,37.0,44.654227123532216
9,28,-26.0,39.0,46.87216658103186
9,29,-25.0,41.0,48.02082881417188
9,30,-25.0,44.0,50.60632371551998
9,31,-24.0,46.0,51.884487084291386
9,32,-25.0,49.0,55.00909015790027
9,33,-27.0,52.0,58.59180830116101
9,34,-30.0,54.0,61.773780845922005
9,35,-32.0,58.0,66.24198064671678
9,36,-36.0,59.0,69.1158447825099
9,37,-39.0,61.0,72.40165743959182
9,38,-40.0,62.0,73.78346698278686
9,39,-41.0,64.0,76.00657866263946
9,40,-39.0,70.0,80.1311425102625
9,45,-44.0,77.0,88.68483523128404
9,46,-43.0,77.0,88.19297024139736
9,47,-43.0,77.0,88.19297024139736
9,48,-44.0,77.0,88.68483523128404
9,49,-44.0,77.0,88.68483523128404
9,50,-43.0,77.0,88.19297024139736
9,51,-43.0,77.0,88.19297024139736
9,52,-43.0,77.0,88.19297024139736
9,53,-43.0,77.0,88.19297024139736
9,54,-43.0,77.0,88.19297024139736
9,55,-43.0,77.0,88.19297024139736
9,56,-43.0,77.0,88.19297024139736
9,57,-43.0,77.0,88.19297024139736
9,58,-43.0,77.0,88.19297024139736
9,59,-43.0,77.0,88.19297024139736
9,60,-43.0,77.0,88.19297024139736
9,61,-43.0,77.0,88.19297024139736
9,62,-43.0,76.0,87.32124598286491
9,63,-43.0,77.0,88.19297024139736
9,64,-43.0,77.0,88.19297024139736
9,65,-43.0,77.0,88.19297024139736
9,66,-43.0,77.0,88.19297024139736
9,67,-43.0,77.0,88.19297024139736
9,68,-43.0,77.0,88.19297024139736
9,69,-43.0,77.0,88.19297024139736
9,70,-43.0,77.0,88.19297024139736
9,71,-43.0,77.0,88.19297024139736
10,1,0.0,0.0,0.0
10,2,0.0,1.0,1.0
10,3,-1.0,0.0,1.0
10,4,-3.0,0.0,3.0
10,5,-3.0,0.0,3.0
10,6,-3.0,0.0,3.0
10,7,-4.0,1.0,4.123105625617661
10,8,-5.0,2.0,5.385164807134504
10,9,-5.0,4.0,6.4031242374328485
10,10,-5.0,6.0,7.810249675906654
10,11,-7.0,5.0,8.602325267042627
10,12,-7.0,5.0,8.602325267042627
10,13,-7.0,7.0,9.899494936611665
10,14,-4.0,10.0,10.770329614269007
10,15,-9.0,10.0,13.45362404707371
10,16,-9.0,12.0,15.0
10,17,-10.0,15.0,18.027756377319946
10,18,-10.0,17.0,19.72308292331602
10,19,-10.0,19.0,21.470910553583888
10,20,-10.0,22.0,24.166091947189145
10,21,-10.0,24.0,26.0
10,22,-10.0,27.0,28.792360097775937
10,23,-10.0,29.0,30.675723300355934
10,24,-9.0,32.0,33.24154027718932
10,25,-7.0,33.0,33.734255586866
10,26,-3.0,36.0,36.124783736376884
10,27,1.0,38.0,38.01315561749642
10,28,2.0,40.0,40.049968789001575
10,29,3.0,43.0,43.104524124504614
10,30,4.0,45.0,45.17742799230607
10,31,4.0,48.0,48.16637831516918
10,32,4.0,51.0,51.15662224971465
10,33,4.0,53.0,53.150729063673246
10,34,3.0,57.0,57.07889277132134
10,35,3.0,59.0,59.07622195096772
10,36,2.0,62.0,62.03224967708329
10,37,1.0,66.0,66.007575322837
10,38,2.0,67.0,67.02984409947557
10,39,2.0,70.0,70.02856560004639
10,40,1.0,74.0,74.00675644831355
10,41,1.0,78.0,78.00640999302557
10,44,1.0,75.0,75.0066663703967
10,45,2.0,73.0,73.02739212103907
10,46,3.0,74.0,74.06078584514209
10,47,3.0,74.0,74.06078584514209
10,48,3.0,74.0,74.06078584514209
10,49,3.0,74.0,74.06078584514209
10,50,4.0,74.0,74.10802925459562
10,51,4.0,74.0,74.10802925459562
10,52,4.0,74.0,74.10802925459562
10,53,4.0,74.0,74.10802925459562
10,54,4.0,74.0,74.10802925459562
10,55,4.0,74.0,74.10802925459562
10,56,5.0,74.0,74.16872656315464
10,57,5.0,74.0,74.16872656315464
10,58,5.0,74.0,74.16872656315464
10,59,5.0,74.0,74.16872656315464
10,60,5.0,74.0,74.16872656315464
10,61,5.0,74.0,74.16872656315464
10,62,5.0,74.0,74.16872656315464
10,63,5.0,74.0,74.16872656315464
10,64,5.0,74.0,74.16872656315464
10,65,5.0,74.0,74.16872656315464
10,66,5.0,74.0,74.16872656315464
10,67,5.0,74.0,74.16872656315464
10,68,5.0,74.0,74.16872656315464
10,69,5.0,74.0,74.16872656315464
10,70,5.0,74.0,74.16872656315464
10,71,5.0,74.0,74.16872656315464
11,1,0.0,0.0,0.0
11,2,0.0,0.0,0.0
11,3,0.0,0.0,0.0
11,4,0.0,0.0,0.0
11,5,0.0,0.0,0.0
11,6,0.0,1.0,1.0
11,7,-1.0,2.0,2.23606797749979
11,8,-2.0,4.0,4.47213595499958
11,9,-1.0,5.0,5.0990195135927845
11,14,-2.0,8.0,8.246211251235321
11,15,-4.0,9.0,9.848857801796104
11,16,-6.0,8.0,10.0
11,17,-10.0,8.0,12.806248474865697
11,18,-12.0,9.0,15.0
11,19,-14.0,9.0,16.64331697709324
11,20,-16.0,8.0,17.88854381999832
11,21,-17.0,8.0,18.788294228055936
11,22,-18.0,9.0,20.12461179749811
11,23,-19.0,9.0,21.02379604162864
11,24,-21.0,9.0,22.847319317591726
11,25,-21.0,9.0,22.847319317591726
11,26,-21.0,9.0,22.847319317591726
11,27,-22.0,8.0,23.40939982143925
11,28,-22.0,8.0,23.40939982143925
11,29,-22.0,8.0,23.40939982143925
11,30,-28.0,8.0,29.120439557122072
11,31,-29.0,7.0,29.832867780352597
11,32,-30.0,8.0,31.04834939252005
11,33,-31.0,8.0,32.01562118716424
11,34,-31.0,8.0,32.01562118716424
11,35,-28.0,4.0,28.284271247461902
11,36,-29.0,5.0,29.427877939124322
11,37,-34.0,5.0,34.36568055487916
11,38,-43.0,5.0,43.289721643826724
11,39,-40.0,5.0,40.311288741492746
11,40,-40.0,6.0,40.44749683231337
11,41,-42.0,7.0,42.579337712087536
11,42,-41.0,7.0,41.593268686170845
11,43,-42.0,6.0,42.42640687119285
12,1,-1.0,0.0,1.0
12,2,-1.0,0.0,1.0
12,3,-1.0,0.0,1.0
12,4,-1.0,0.0,1.0
12,5,-1.0,0.0,1.0
12,6,0.0,1.0,1.0
12,7,-1.0,1.0,1.4142135623730951
12,8,0.0,2.0,2.0
12,9,0.0,1.0,1.0
12,10,-2.0,3.0,3.605551275463989
12,11,-2.0,3.0,3.605551275463989
12,12,-2.0,4.0,4.47213595499958
12,13,-5.0,5.0,7.0710678118654755
12,14,-2.0,5.0,5.385164807134504
12,15,-2.0,6.0,6.324555320336759
12,16,-3.0,5.0,5.830951894845301
12,17,-2.0,5.0,5.385164807134504
12,18,-4.0,6.0,7.211102550927978
12,19,-5.0,7.0,8.602325267042627
12,20,-3.0,5.0,5.830951894845301
12,21,-3.0,6.0,6.708203932499369
12,22,-1.0,7.0,7.0710678118654755
12,23,0.0,8.0,8.0
12,24,0.0,8.0,8.0
12,25,1.0,8.0,8.06225774829855
12,26,2.0,7.0,7.280109889280518
12,27,2.0,5.0,5.385164807134504
12,28,2.0,5.0,5.385164807134504
12,29,2.0,5.0,5.385164807134504
12,30,2.0,8.0,8.246211251235321
12,31,1.0,9.0,9.055385138137417
12,32,1.0,10.0,10.04987562112089
12,33,2.0,10.0,10.198039027185569
12,34,2.0,9.0,9.219544457292887
12,35,1.0,9.0,9.055385138137417
12,36,0.0,8.0,8.0
12,37,1.0,8.0,8.06225774829855
12,38,2.0,7.0,7.280109889280518
12,39,5.0,6.0,7.810249675906654
12,40,9.0,7.0,11.40175425099138
12,41,8.0,7.0,10.63014581273465
12,42,7.0,8.0,10.63014581273465
12,43,9.0,6.0,10.816653826391969
13,1,7.0,-3.0,7.615773105863909
13,2,7.0,-3.0,7.615773105863909
13,3,7.0,-4.0,8.06225774829855
13,4,8.0,-3.0,8.54400374531753
13,5,8.0,-3.0,8.54400374531753
13,6,8.0,-3.0,8.54400374531753
13,7,8.0,-2.0,8.246211251235321
13,8,9.0,-1.0,9.055385138137417
13,9,9.0,1.0,9.055385138137417
13,10,9.0,3.0,9.486832980505138
13,11,9.0,3.0,9.486832980505138
13,12,9.0,3.0,9.486832980505138
13,13,9.0,5.0,10.295630140987
13,14,7.0,6.0,9.219544457292887
13,15,4.0,9.0,9.848857801796104
13,16,-4.0,14.0,14.560219778561036
13,17,-6.0,19.0,19.924858845171276
13,18,-8.0,19.0,20.615528128088304
13,19,-9.0,21.0,22.847319317591726
13,20,-12.0,23.0,25.942243542145693
13,21,-13.0,25.0,28.178005607210743
13,22,-13.0,28.0,30.870698080866262
13,23,-13.0,30.0,32.69556544854363
13,24,-13.0,33.0,35.4682957019364
13,25,-12.0,35.0,37.0
13,26,-13.0,38.0,40.162171256046406
13,27,-14.0,40.0,42.37924020083418
13,28,-15.0,42.0,44.598206241955516
13,29,-15.0,47.0,49.33558553417604
13,30,-14.0,51.0,52.88667128870941
13,31,-14.0,54.0,55.78530272392541
13,32,-14.0,59.0,60.63827174318213
13,33,-12.0,62.0,63.150613615387776
13,44,-11.0,60.0,61.0
13,45,-13.0,57.0,58.463663928973865
13,46,-14.0,57.0,58.69412236331676
13,47,-14.0,58.0,59.665735560705194
13,48,-14.0,58.0,59.665735560705194
13,49,-14.0,58.0,59.665735560705194
13,50,-18.0,62.0,64.5600495662759
13,51,-17.0,62.0,64.28841264178172
13,52,-18.0,63.0,65.52098900352466
13,53,-18.0,62.0,64.5600495662759
13,54,-18.0,63.0,65.52098900352466
13,55,-18.0,63.0,65.52098900352466
13,56,-18.0,63.0,65.52098900352466
13,57,-18.0,63.0,65.52098900352466
13,58,-19.0,64.0,66.76076692189807
13,59,-19.0,64.0,66.76076692189807
13,60,-19.0,64.0,66.76076692189807
13,61,-19.0,64.0,66.76076692189807
13,62,-19.0,64.0,66.76076692189807
13,63,-19.0,64.0,66.76076692189807
13,64,-19.0,64.0,66.76076692189807
13,65,-19.0,64.0,66.76076692189807
13,66,-19.0,64.0,66.76076692189807
13,67,-19.0,64.0,66.76076692189807
13,68,-19.0,64.0,66.76076692189807
13,69,-19.0,64.0,66.76076692189807
13,70,-19.0,64.0,66.76076692189807
13,71,-18.0,64.0,66.48308055437865
14,1,0.0,0.0,0.0
14,2,1.0,3.0,3.1622776601683795
14,3,1.0,4.0,4.123105625617661
14,4,1.0,3.0,3.1622776601683795
14,5,1.0,3.0,3.1622776601683795
14,6,0.0,3.0,3.0
14,7,0.0,2.0,2.0
14,8,0.0,5.0,5.0
14,9,0.0,6.0,6.0
14,10,0.0,7.0,7.0
14,11,0.0,7.0,7.0
14,12,0.0,7.0,7.0
14,13,0.0,9.0,9.0
14,14,0.0,10.0,10.0
14,15,-1.0,12.0,12.041594578792296
14,16,-2.0,13.0,13.152946437965905
14,17,-2.0,16.0,16.1245154965971
14,18,-2.0,19.0,19.1049731745428
14,19,-2.0,21.0,21.095023109728988
14,20,-2.0,24.0,24.08318915758459
14,21,-2.0,25.0,25.079872407968907
14,22,-3.0,28.0,28.160255680657446
14,23,-4.0,30.0,30.265491900843113
14,24,-5.0,33.0,33.37663853655727
14,25,-5.0,34.0,34.36568055487916
14,26,-11.0,36.0,37.64306044943742
14,27,-12.0,39.0,40.80441152620633
14,28,-12.0,41.0,42.720018726587654
14,29,-11.0,43.0,44.384682042344295
14,30,-13.0,47.0,48.76474136094644
14,31,-13.0,49.0,50.695167422546305
14,32,-13.0,53.0,54.57105459856901
14,33,-12.0,55.0,56.293871780150276
14,34,-11.0,58.0,59.033888572581766
14,35,-10.0,60.0,60.8276253029822
14,36,-10.0,63.0,63.788713735268246
14,37,-5.0,61.0,61.204574992397426
14,38,-4.0,62.0,62.12889826803627
14,39,-2.0,62.0,62.03224967708329
14,40,-2.0,65.0,65.03076195155643
14,41,-2.0,67.0,67.02984409947557
14,44,-2.0,72.0,72.02777242147643
14,45,0.0,71.0,71.0
14,46,1.0,71.0,71.00704190430693
14,47,1.0,71.0,71.00704190430693
14,48,1.0,71.0,71.00704190430693
14,49,1.0,71.0,71.00704190430693
14,50,1.0,71.0,71.00704190430693
14,51,1.0,71.0,71.00704190430693
14,52,1.0,71.0,71.00704190430693
14,53,1.0,72.0,72.00694410957877
14,54,1.0,72.0,72.00694410957877
14,55,1.0,72.0,72.00694410957877
14,56,1.0,72.0,72.00694410957877
14,57,1.0,71.0,71.00704190430693
14,58,1.0,71.0,71.00704190430693
14,59,1.0,71.0,71.00704190430693
14,60,1.0,71.0,71.00704190430693
14,61,1.0,71.0,71.00704190430693
14,62,2.0,71.0,71.02816342831905
14,63,1.0,71.0,71.00704190430693
14,64,2.0,72.0,72.02777242147643
14,65,2.0,72.0,72.02777242147643
14,66,1.0,72.0,72.00694410957877
14,67,2.0,72.0,72.02777242147643
14,68,2.0,72.0,72.02777242147643
14,69,2.0,72.0,72.02777242147643
14,70,2.0,72.0,72.02777242147643
14,71,2.0,72.0,72.02777242147643
15,3,-10.0,0.0,10.0
15,4,-11.0,1.0,11.045361017187261
15,5,-11.0,1.0,11.045361017187261
15,6,-2.0,1.0,2.23606797749979
15,7,-11.0,2.0,11.180339887498949
15,8,-4.0,3.0,5.0
15,9,-5.0,4.0,6.4031242374328485
15,15,-4.0,8.0,8.94427190999916
15,16,-5.0,7.0,8.602325267042627
15,17,-6.0,7.0,9.219544457292887
15,18,-7.0,8.0,10.63014581273465
15,19,-9.0,8.0,12.041594578792296
16,1,0.0,0.0,0.0
16,2,0.0,0.0,0.0
16,3,0.0,0.0,0.0
16,4,0.0,0.0,0.0
16,5,0.0,0.0,0.0
16,6,1.0,1.0,1.4142135623730951
16,7,-1.0,2.0,2.23606797749979
16,28,-9.0,7.0,11.40175425099138
16,29,-7.0,7.0,9.899494936611665
16,30,-7.0,7.0,9.899494936611665
16,31,-7.0,7.0,9.899494936611665
16,32,-6.0,7.0,9.219544457292887
16,33,-7.0,7.0,9.899494936611665
16,34,-9.0,8.0,12.041594578792296
16,35,-9.0,8.0,12.041594578792296
16,36,-2.0,8.0,8.246211251235321
16,37,7.0,7.0,9.899494936611665
16,38,13.0,4.0,13.601470508735444
17,1,0.0,0.0,0.0
17,2,0.0,1.0,1.0
17,3,0.0,0.0,0.0
17,4,0.0,1.0,1.0
17,5,0.0,1.0,1.0
17,6,0.0,1.0,1.0
17,7,0.0,2.0,2.0
17,8,0.0,3.0,3.0
17,9,0.0,5.0,5.0
17,10,0.0,7.0,7.0
17,11,0.0,7.0,7.0
17,12,0.0,7.0,7.0
17,13,-1.0,8.0,8.06225774829855
17,14,-2.0,10.0,10.198039027185569
17,15,-3.0,12.0,12.36931687685298
17,16,-6.0,14.0,15.231546211727817
17,17,-11.0,17.0,20.248456731316587
17,18,-14.0,19.0,23.600847442411894
17,19,-17.0,20.0,26.248809496813376
17,20,-19.0,23.0,29.832867780352597
17,21,-20.0,25.0,32.01562118716424
17,22,-23.0,27.0,35.4682957019364
17,23,-23.0,29.0,37.013511046643494
17,24,-23.0,32.0,39.408120990476064
17,25,-22.0,34.0,40.496913462633174
17,26,-22.0,37.0,43.04648650006177
17,27,-22.0,39.0,44.77722635447622
17,28,-21.0,40.0,45.17742799230607
17,29,-21.0,43.0,47.853944456021594
17,30,-21.0,45.0,49.658836071740545
17,31,-21.0,47.0,51.478150704935004
17,32,-22.0,50.0,54.62600113499065
17,33,-23.0,53.0,57.77542730261716
17,34,-22.0,57.0,61.09828148156051
17,35,-25.0,59.0,64.07807737440318
17,36,-32.0,58.0,66.24198064671678
17,37,-34.0,61.0,69.83552104767315
18,1,0.0,0.0,0.0
18,2,0.0,1.0,1.0
18,3,-1.0,0.0,1.0
18,4,0.0,1.0,1.0
18,5,0.0,1.0,1.0
18,6,-1.0,1.0,1.4142135623730951
18,7,-2.0,2.0,2.8284271247461903
18,8,-2.0,3.0,3.605551275463989
18,9,-3.0,4.0,5.0
18,10,-2.0,6.0,6.324555320336759
18,11,-2.0,6.0,6.324555320336759
18,12,-2.0,6.0,6.324555320336759
18,13,-2.0,8.0,8.246211251235321
18,14,-2.0,10.0,10.198039027185569
18,15,-4.0,11.0,11.704699910719626
18,16,-5.0,13.0,13.92838827718412
18,17,-5.0,16.0,16.76305461424021
18,18,-6.0,19.0,19.924858845171276
18,19,-6.0,21.0,21.840329667841555
18,20,-6.0,24.0,24.73863375370596
18,21,-7.0,25.0,25.96150997149434
18,22,-7.0,28.0,28.861739379323623
18,23,-6.0,30.0,30.59411708155671
18,24,-4.0,33.0,33.24154027718932
18,25,-1.0,35.0,35.014282800023196
18,26,2.0,38.0,38.05259518088089
18,27,3.0,40.0,40.11234224026316
18,28,2.0,42.0,42.04759208325728
18,29,2.0,45.0,45.044422518220834
18,30,2.0,47.0,47.042533945356304
18,31,0.0,51.0,51.0
18,32,0.0,54.0,54.0
18,33,-2.0,58.0,58.034472514187634
18,34,5.0,54.0,54.230987451824994
18,35,5.0,56.0,56.22277118748239
18,36,5.0,58.0,58.215118311311535
18,37,6.0,61.0,61.29437168288782
18,38,6.0,63.0,63.28506932918696
18,39,6.0,66.0,66.27216610312357
18,40,7.0,68.0,68.3593446428504
18,41,7.0,71.0,71.34423592694787
18,44,2.0,77.0,77.02596964660685
18,45,2.0,75.0,75.02666192761077
18,46,2.0,75.0,75.02666192761077
18,47,2.0,75.0,75.02666192761077
18,48,2.0,75.0,75.02666192761077
18,49,2.0,74.0,74.02702209328699
18,50,2.0,74.0,74.02702209328699
18,51,2.0,74.0,74.02702209328699
18,52,2.0,74.0,74.02702209328699
18,53,2.0,74.0,74.02702209328699
18,54,2.0,74.0,74.02702209328699
18,55,2.0,74.0,74.02702209328699
18,56,2.0,74.0,74.02702209328699
18,57,2.0,74.0,74.02702209328699
18,58,3.0,74.0,74.06078584514209
18,59,3.0,74.0,74.06078584514209
18,60,3.0,74.0,74.06078584514209
18,61,3.0,74.0,74.06078584514209
18,62,3.0,74.0,74.06078584514209
18,63,3.0,74.0,74.06078584514209
18,64,3.0,75.0,75.05997601918082
18,65,3.0,75.0,75.05997601918082
18,66,3.0,75.0,75.05997601918082
18,67,3.0,75.0,75.05997601918082
18,68,3.0,75.0,75.05997601918082
18,69,3.0,75.0,75.05997601918082
18,70,3.0,75.0,75.05997601918082
18,71,3.0,75.0,75.05997601918082
19,1,0.0,0.0,0.0
19,2,0.0,0.0,0.0
19,3,0.0,0.0,0.0
19,4,0.0,0.0,0.0
19,5,0.0,0.0,0.0
19,6,0.0,0.0,0.0
19,7,-1.0,1.0,1.4142135623730951
19,8,0.0,2.0,2.0
19,9,2.0,3.0,3.605551275463989
19,10,2.0,3.0,3.605551275463989
19,11,2.0,3.0,3.605551275463989
19,12,2.0,3.0,3.605551275463989
19,13,-1.0,4.0,4.123105625617661
19,14,-5.0,5.0,7.0710678118654755
19,15,-9.0,6.0,10.816653826391969
19,16,-9.0,5.0,10.295630140987
19,17,-11.0,5.0,12.083045973594572
19,18,-12.0,6.0,13.416407864998739
19,19,-14.0,6.0,15.231546211727817
19,20,-19.0,5.0,19.6468827043885
19,21,-22.0,6.0,22.80350850198276
19,22,-22.0,6.0,22.80350850198276
19,23,-24.0,6.0,24.73863375370596
19,35,-31.0,3.0,31.144823004794873
19,36,-38.0,3.0,38.118237105091836
19,37,-40.0,3.0,40.11234224026316
20,1,2.0,0.0,2.0
20,2,2.0,0.0,2.0
20,3,2.0,0.0,2.0
20,4,1.0,0.0,1.0
20,5,9.0,1.0,9.055385138137417
20,6,1.0,1.0,1.4142135623730951
20,7,1.0,2.0,2.23606797749979
20,14,-4.0,2.0,4.47213595499958
20,15,-10.0,4.0,10.770329614269007
20,16,-11.0,4.0,11.704699910719626
20,17,-12.0,4.0,12.649110640673518
20,18,-15.0,5.0,15.811388300841896
20,19,-15.0,5.0,15.811388300841896
20,20,-14.0,5.0,14.866068747318506
20,21,-15.0,5.0,15.811388300841896
20,22,-15.0,6.0,16.15549442140351
20,23,-13.0,6.0,14.317821063276353
20,24,-12.0,6.0,13.416407864998739
20,25,-11.0,6.0,12.529964086141668
20,26,-9.0,6.0,10.816653826391969
20,27,-7.0,6.0,9.219544457292887
20,28,-6.0,6.0,8.48528137423857
20,29,-3.0,5.0,5.830951894845301
20,30,-2.0,5.0,5.385164807134504
20,31,-6.0,6.0,8.48528137423857
20,32,-6.0,6.0,8.48528137423857
20,33,-5.0,6.0,7.810249675906654
20,34,-5.0,6.0,7.810249675906654
20,35,-6.0,7.0,9.219544457292887
20,36,1.0,4.0,4.123105625617661
20,37,5.0,4.0,6.4031242374328485
20,38,10.0,5.0,11.180339887498949
20,39,12.0,4.0,12.649110640673518
20,40,11.0,5.0,12.083045973594572
20,41,10.0,6.0,11.661903789690601
20,42,12.0,6.0,13.416407864998739
20,43,12.0,5.0,13.0
21,1,0.0,-1.0,1.0
21,2,0.0,0.0,0.0
21,3,0.0,-1.0,1.0
21,4,0.0,1.0,1.0
21,5,0.0,0.0,0.0
21,6,0.0,0.0,0.0
21,7,-1.0,1.0,1.4142135623730951
21,8,-1.0,3.0,3.1622776601683795
21,9,-1.0,4.0,4.123105625617661
21,10,-1.0,6.0,6.082762530298219
21,11,-1.0,6.0,6.082762530298219
21,12,-1.0,6.0,6.082762530298219
21,13,-2.0,10.0,10.198039027185569
21,14,-2.0,10.0,10.198039027185569
21,15,-3.0,12.0,12.36931687685298
21,16,-1.0,12.0,12.041594578792296
21,19,0.0,16.0,16.0
21,20,-4.0,19.0,19.4164878389476
21,21,-9.0,22.0,23.769728648009426
21,22,-12.0,26.0,28.635642126552707
21,23,-13.0,28.0,30.870698080866262
21,24,-13.0,31.0,33.61547262794322
21,25,-13.0,33.0,35.4682957019364
21,26,-12.0,35.0,37.0
21,27,-12.0,37.0,38.897300677553446
21,28,-12.0,39.0,40.80441152620633
21,29,-10.0,41.0,42.20189569201838
21,30,-8.0,44.0,44.721359549995796
21,31,1.0,46.0,46.010868281309364
21,32,2.0,49.0,49.040799340956916
21,33,4.0,51.0,51.15662224971465
21,42,11.0,57.0,58.05170109479997
21,43,10.0,58.0,58.855755878248644
21,46,18.0,58.0,60.728905802755904
21,47,19.0,58.0,61.032778078668514
21,48,19.0,58.0,61.032778078668514
21,49,19.0,58.0,61.032778078668514
21,50,19.0,58.0,61.032778078668514
21,51,20.0,57.0,60.40695324215582
22,1,0.0,0.0,0.0
22,2,1.0,0.0,1.0
22,3,1.0,0.0,1.0
22,4,1.0,0.0,1.0
22,5,1.0,0.0,1.0
22,6,1.0,1.0,1.4142135623730951
22,7,3.0,1.0,3.1622776601683795
22,8,7.0,2.0,7.280109889280518
22,9,6.0,3.0,6.708203932499369
22,10,5.0,3.0,5.830951894845301
22,11,5.0,3.0,5.830951894845301
22,12,6.0,3.0,6.708203932499369
22,13,4.0,3.0,5.0
22,14,-1.0,4.0,4.123105625617661
22,15,-4.0,5.0,6.4031242374328485
23,1,1.0,0.0,1.0
23,2,0.0,0.0,0.0
23,3,-4.0,-1.0,4.123105625617661
23,4,-4.0,-1.0,4.123105625617661
23,5,-4.0,-1.0,4.123105625617661
23,6,-4.0,-1.0,4.123105625617661
23,7,-5.0,0.0,5.0
23,8,-5.0,1.0,5.0990195135927845
23,9,-4.0,2.0,4.47213595499958
23,10,-4.0,3.0,5.0
23,11,-5.0,3.0,5.830951894845301
23,12,-4.0,3.0,5.0
23,13,-4.0,5.0,6.4031242374328485
23,14,-4.0,7.0,8.06225774829855
23,15,-4.0,9.0,9.848857801796104
23,16,-4.0,11.0,11.704699910719626
23,17,-4.0,14.0,14.560219778561036
23,18,-4.0,16.0,16.492422502470642
23,19,-4.0,18.0,18.439088914585774
23,20,-4.0,21.0,21.37755832643195
23,21,-3.0,23.0,23.194827009486403
23,22,-4.0,26.0,26.30589287593181
23,23,-4.0,28.0,28.284271247461902
23,24,-5.0,31.0,31.400636936215164
23,25,-5.0,33.0,33.37663853655727
23,26,-4.0,36.0,36.22154055254967
23,27,-4.0,38.0,38.2099463490856
23,28,-3.0,40.0,40.11234224026316
23,29,-4.0,42.0,42.190046219457976
23,30,-3.0,45.0,45.09988913511872
23,31,-3.0,47.0,47.095647357266465
23,32,-2.0,50.0,50.039984012787215
23,33,-3.0,52.0,52.08646657242167
23,34,-4.0,55.0,55.14526271584895
23,35,-5.0,57.0,57.21887800367987
23,36,-6.0,59.0,59.30430001273095
23,37,-7.0,62.0,62.39390995922599
23,38,-8.0,64.0,64.4980619863884
23,39,-8.0,66.0,66.48308055437865
23,40,-9.0,68.0,68.59300255857006
23,41,-8.0,70.0,70.45565981523414
24,1,1.0,0.0,1.0
24,2,1.0,0.0,1.0
24,3,1.0,0.0,1.0
24,4,0.0,0.0,0.0
24,5,1.0,0.0,1.0
24,6,1.0,1.0,1.4142135623730951
24,7,2.0,1.0,2.23606797749979
24,8,1.0,2.0,2.23606797749979
24,9,0.0,3.0,3.0
24,10,1.0,3.0,3.1622776601683795
24,11,0.0,3.0,3.0
24,12,0.0,3.0,3.0
24,13,2.0,3.0,3.605551275463989
24,14,2.0,4.0,4.47213595499958
24,15,1.0,5.0,5.0990195135927845
24,16,0.0,4.0,4.0
24,17,1.0,4.0,4.123105625617661
24,18,-1.0,5.0,5.0990195135927845
24,19,-1.0,5.0,5.0990195135927845
24,20,1.0,4.0,4.123105625617661
24,21,1.0,5.0,5.0990195135927845
24,22,2.0,6.0,6.324555320336759
24,23,3.0,6.0,6.708203932499369
24,24,3.0,6.0,6.708203932499369
24,25,4.0,6.0,7.211102550927978
24,26,4.0,6.0,7.211102550927978
24,27,3.0,6.0,6.708203932499369
24,28,5.0,6.0,7.810249675906654
24,29,8.0,6.0,10.0
24,30,8.0,6.0,10.0
24,31,7.0,6.0,9.219544457292887
24,32,8.0,6.0,10.0
24,33,6.0,6.0,8.48528137423857
24,34,4.0,6.0,7.211102550927978
24,35,3.0,7.0,7.615773105863909
24,36,2.0,7.0,7.280109889280518
24,37,5.0,4.0,6.4031242374328485
25,1,0.0,0.0,0.0
25,2,4.0,0.0,4.0
25,3,5.0,-1.0,5.0990195135927845
25,4,6.0,0.0,6.0
25,5,6.0,0.0,6.0
25,6,6.0,0.0,6.0
25,7,6.0,1.0,6.082762530298219
25,8,6.0,2.0,6.324555320336759
25,9,5.0,4.0,6.4031242374328485
25,10,5.0,4.0,6.4031242374328485
25,11,5.0,4.0,6.4031242374328485
25,12,6.0,4.0,7.211102550927978
25,13,6.0,6.0,8.48528137423857
25,14,4.0,8.0,8.94427190999916
25,15,-4.0,10.0,10.770329614269007
25,16,-7.0,13.0,14.7648230602334
25,17,-9.0,19.0,21.02379604162864
25,18,-16.0,20.0,25.612496949731394
25,19,-18.0,21.0,27.65863337187866
25,20,-20.0,23.0,30.479501308256342
25,21,-20.0,24.0,31.240998703626616
25,22,-19.0,28.0,33.83784863137726
25,23,-18.0,30.0,34.9857113690718
25,24,-18.0,33.0,37.589892258425
25,25,-17.0,35.0,38.91015291668744
25,26,-18.0,38.0,42.04759208325728
25,27,-19.0,39.0,43.382023926967726
25,28,-20.0,41.0,45.617978911828175
25,29,-18.0,44.0,47.53945729601885
25,30,-17.0,48.0,50.92150822589606
25,31,-19.0,51.0,54.42425929675111
25,32,-21.0,54.0,57.9396237474839
25,33,-23.0,56.0,60.53924347066124
25,34,-24.0,60.0,64.62197768561404
25,35,-24.0,62.0,66.48308055437865
25,36,-25.0,65.0,69.6419413859206
25,37,-23.0,68.0,71.78439941937245
25,44,-27.0,70.0,75.02666192761077
25,45,-27.0,67.0,72.2357252334328
25,46,-28.0,68.0,73.53910524340094
25,47,-28.0,68.0,73.53910524340094
25,48,-28.0,68.0,73.53910524340094
25,49,-27.0,67.0,72.2357252334328
25,50,-28.0,68.0,73.53910524340094
25,51,-28.0,68.0,73.53910524340094
25,52,-27.0,67.0,72.2357252334328
25,53,-28.0,68.0,73.53910524340094
25,54,-28.0,68.0,73.53910524340094
25,55,-28.0,68.0,73.53910524340094
25,56,-28.0,68.0,73.53910524340094
25,57,-27.0,67.0,72.2357252334328
25,58,-27.0,67.0,72.2357252334328
25,59,-27.0,67.0,72.2357252334328
25,60,-27.0,67.0,72.2357252334328
25,61,-27.0,67.0,72.2357252334328
25,62,-26.0,66.0,70.9365914038728
25,63,-28.0,68.0,73.53910524340094
25,64,-28.0,68.0,73.53910524340094
25,65,-28.0,68.0,73.53910524340094
25,66,-28.0,68.0,73.53910524340094
25,67,-28.0,68.0,73.53910524340094
25,68,-28.0,68.0,73.53910524340094
25,69,-28.0,68.0,73.53910524340094
25,70,-28.0,68.0,73.53910524340094
25,71,-28.0,68.0,73.53910524340094
26,1,0.0,0.0,0.0
26,2,-1.0,0.0,1.0
26,3,-2.0,-1.0,2.23606797749979
26,4,-1.0,0.0,1.0
26,5,-2.0,0.0,2.0
26,6,-3.0,0.0,3.0
26,7,-4.0,0.0,4.0
26,8,-5.0,1.0,5.0990195135927845
26,9,-5.0,2.0,5.385164807134504
26,10,-5.0,4.0,6.4031242374328485
26,11,-5.0,4.0,6.4031242374328485
26,12,-5.0,4.0,6.4031242374328485
26,13,-5.0,5.0,7.0710678118654755
26,14,-5.0,7.0,8.602325267042627
26,15,-6.0,9.0,10.816653826391969
26,16,-7.0,11.0,13.038404810405298
26,17,-7.0,14.0,15.652475842498529
26,18,-9.0,16.0,18.35755975068582
26,19,-9.0,18.0,20.12461179749811
26,20,-9.0,21.0,22.847319317591726
26,21,-9.0,23.0,24.698178070456937
26,22,-9.0,26.0,27.51363298439521
26,23,-10.0,28.0,29.732137494637012
26,24,-10.0,30.0,31.622776601683793
26,25,-7.0,32.0,32.7566787083184
26,26,-4.0,35.0,35.22782990761707
26,27,-3.0,37.0,37.12142238654117
26,28,-2.0,39.0,39.05124837953327
26,29,-2.0,42.0,42.04759208325728
26,30,-5.0,48.0,48.25971404805462
26,31,-7.0,51.0,51.478150704935004
26,32,-8.0,54.0,54.589376255824725
26,33,-8.0,56.0,56.568542494923804
26,34,-12.0,62.0,63.150613615387776
26,35,-13.0,64.0,65.30696746902278
26,36,-14.0,68.0,69.42621983083913
26,37,-15.0,71.0,72.56721022610694
26,38,-17.0,75.0,76.90253571892151
26,39,-18.0,78.0,80.049984384758
26,59,-22.0,69.0,72.42237223399962
26,60,-22.0,69.0,72.42237223399962
26,61,-22.0,69.0,72.42237223399962
26,62,-22.0,69.0,72.42237223399962
26,63,-22.0,69.0,72.42237223399962
26,64,-22.0,69.0,72.42237223399962
26,65,-22.0,69.0,72.42237223399962
26,66,-22.0,69.0,72.42237223399962
26,71,-21.0,69.0,72.12489168102785
27,1,0.0,0.0,0.0
27,2,-2.0,0.0,2.0
27,3,0.0,0.0,0.0
27,4,3.0,1.0,3.1622776601683795
27,5,1.0,1.0,1.4142135623730951
27,15,-3.0,1.0,3.1622776601683795
27,16,-3.0,5.0,5.830951894845301
27,17,-4.0,5.0,6.4031242374328485
27,18,-4.0,6.0,7.211102550927978
27,19,-4.0,6.0,7.211102550927978
27,20,-5.0,5.0,7.0710678118654755
27,21,-4.0,6.0,7.211102550927978
27,22,-3.0,6.0,6.708203932499369
27,23,-3.0,7.0,7.615773105863909
27,24,-2.0,7.0,7.280109889280518
27,25,-2.0,7.0,7.280109889280518
27,26,-2.0,7.0,7.280109889280518
27,27,-1.0,7.0,7.0710678118654755
27,28,-1.0,7.0,7.0710678118654755
27,29,-1.0,7.0,7.0710678118654755
27,30,-2.0,7.0,7.280109889280518
27,31,-3.0,6.0,6.708203932499369
27,32,-5.0,6.0,7.810249675906654
27,33,-8.0,6.0,10.0
27,34,-17.0,3.0,17.26267650163207
27,35,-18.0,3.0,18.24828759089466
27,36,-19.0,3.0,19.235384061671343
27,37,-21.0,4.0,21.37755832643195
27,38,-26.0,4.0,26.30589287593181
27,39,-29.0,4.0,29.274562336608895
28,1,0.0,1.0,1.0
28,2,0.0,1.0,1.0
28,3,0.0,0.0,0.0
28,4,-1.0,1.0,1.4142135623730951
28,5,0.0,1.0,1.0
28,6,0.0,1.0,1.0
28,7,0.0,1.0,1.0
28,8,0.0,2.0,2.0
28,9,-1.0,3.0,3.1622776601683795
28,10,0.0,4.0,4.0
28,11,-2.0,4.0,4.47213595499958
28,12,0.0,4.0,4.0
28,13,1.0,4.0,4.123105625617661
28,14,1.0,5.0,5.0990195135927845
28,15,1.0,6.0,6.082762530298219
28,16,0.0,5.0,5.0
28,17,-1.0,5.0,5.0990195135927845
28,18,-1.0,6.0,6.082762530298219
28,19,-1.0,6.0,6.082762530298219
28,20,-1.0,5.0,5.0990195135927845
28,21,0.0,6.0,6.0
28,22,0.0,7.0,7.0
28,23,2.0,7.0,7.280109889280518
28,24,4.0,7.0,8.06225774829855
28,25,6.0,7.0,9.219544457292887
28,26,7.0,7.0,9.899494936611665
28,27,9.0,7.0,11.40175425099138
28,28,10.0,7.0,12.206555615733702
28,29,11.0,8.0,13.601470508735444
28,30,12.0,8.0,14.422205101855956
28,31,12.0,8.0,14.422205101855956
28,32,13.0,8.0,15.264337522473747
28,33,14.0,9.0,16.64331697709324
28,34,17.0,9.0,19.235384061671343
28,35,18.0,9.0,20.12461179749811
28,36,18.0,9.0,20.12461179749811
28,37,17.0,9.0,19.235384061671343
28,38,21.0,6.0,21.840329667841555
28,39,22.0,6.0,22.80350850198276
28,40,31.0,6.0,31.575306807693888
29,1,0.0,0.0,0.0
29,2,1.0,1.0,1.4142135623730951
29,3,2.0,-1.0,2.23606797749979
29,4,2.0,0.0,2.0
29,5,2.0,0.0,2.0
29,6,2.0,0.0,2.0
29,7,1.0,1.0,1.4142135623730951
29,8,1.0,2.0,2.23606797749979
29,9,1.0,4.0,4.123105625617661
29,10,1.0,5.0,5.0990195135927845
29,11,1.0,5.0,5.0990195135927845
29,12,1.0,5.0,5.0990195135927845
29,13,-1.0,8.0,8.06225774829855
29,14,-4.0,10.0,10.770329614269007
29,15,-7.0,12.0,13.892443989449804
29,16,-12.0,13.0,17.69180601295413
29,17,-16.0,15.0,21.93171219946131
29,18,-19.0,18.0,26.1725046566048
29,19,-23.0,20.0,30.479501308256342
29,20,-26.0,22.0,34.058772731852805
29,21,-29.0,24.0,37.64306044943742
29,22,-29.0,26.0,38.948684188300895
29,23,-28.0,29.0,40.311288741492746
29,24,-28.0,31.0,41.773197148410844
29,25,-27.0,34.0,43.41658669218482
29,26,-26.0,36.0,44.40720662234904
29,27,-26.0,38.0,46.04345773288535
29,28,-26.0,41.0,48.54894437575342
29,29,-26.0,43.0,50.24937810560445
29,30,-23.0,50.0,55.036351623268054
29,31,-24.0,52.0,57.271284253105414
29,32,-26.0,56.0,61.741396161732524
29,33,-25.0,58.0,63.15853069855251
29,34,-24.0,61.0,65.55150646628954
29,35,-21.0,63.0,66.40783086353596
29,36,-19.0,67.0,69.6419413859206
29,37,-20.0,69.0,71.84010022264724
29,38,-17.0,73.0,74.95331880577403
29,39,-16.0,76.0,77.6659513557904
29,40,-14.0,82.0,83.18653737234169
30,1,1.0,0.0,1.0
30,2,0.0,0.0,0.0
30,3,-1.0,-1.0,1.4142135623730951
30,4,-1.0,-1.0,1.4142135623730951
30,5,-1.0,-1.0,1.4142135623730951
30,6,-1.0,-1.0,1.4142135623730951
30,7,-2.0,0.0,2.0
30,8,-2.0,1.0,2.23606797749979
30,9,-2.0,3.0,3.605551275463989
30,10,-3.0,4.0,5.0
30,11,-3.0,4.0,5.0
30,12,-3.0,4.0,5.0
30,13,-2.0,6.0,6.324555320336759
30,14,-2.0,8.0,8.246211251235321
30,15,-2.0,10.0,10.198039027185569
30,16,-3.0,12.0,12.36931687685298
30,17,-4.0,15.0,15.524174696260024
30,18,-4.0,17.0,17.46424919657298
30,19,-2.0,20.0,20.09975124224178
30,20,-1.0,23.0,23.021728866442675
30,21,0.0,26.0,26.0
30,22,3.0,26.0,26.1725046566048
30,23,6.0,26.0,26.68332812825267
30,24,8.0,28.0,29.120439557122072
31,1,-2.0,1.0,2.23606797749979
31,2,-2.0,1.0,2.23606797749979
31,3,-1.0,1.0,1.4142135623730951
31,4,-1.0,1.0,1.4142135623730951
31,5,-2.0,1.0,2.23606797749979
31,6,-2.0,1.0,2.23606797749979
31,7,-3.0,2.0,3.605551275463989
31,8,-2.0,2.0,2.8284271247461903
31,9,-4.0,3.0,5.0
31,10,-7.0,5.0,8.602325267042627
31,11,-7.0,5.0,8.602325267042627
31,12,-7.0,5.0,8.602325267042627
31,13,-9.0,6.0,10.816653826391969
31,14,-10.0,7.0,12.206555615733702
31,15,-10.0,8.0,12.806248474865697
31,16,-11.0,7.0,13.038404810405298
31,17,-16.0,7.0,17.46424919657298
31,18,-19.0,8.0,20.615528128088304
31,19,-28.0,7.0,28.861739379323623
31,20,-29.0,6.0,29.614185789921695
31,21,-29.0,6.0,29.614185789921695
31,22,-29.0,6.0,29.614185789921695
31,23,-29.0,6.0,29.614185789921695
31,24,-29.0,7.0,29.832867780352597
31,25,-29.0,7.0,29.832867780352597
31,26,-29.0,7.0,29.832867780352597
31,27,-29.0,7.0,29.832867780352597
31,28,-29.0,7.0,29.832867780352597
31,29,-30.0,7.0,30.805843601498726
31,30,-31.0,6.0,31.575306807693888
31,31,-32.0,6.0,32.55764119219941
31,32,-31.0,6.0,31.575306807693888
31,33,-30.0,6.0,30.59411708155671
31,34,-32.0,6.0,32.55764119219941
31,35,-33.0,5.0,33.37663853655727
31,36,-32.0,4.0,32.2490309931942
31,37,-30.0,2.0,30.066592756745816
31,38,-30.0,3.0,30.14962686336267
31,39,-30.0,3.0,30.14962686336267
31,40,-28.0,4.0,28.284271247461902
31,41,-27.0,4.0,27.294688127912362
31,42,-28.0,3.0,28.160255680657446
31,43,-27.0,1.0,27.018512172212592
32,1,-1.0,1.0,1.4142135623730951
32,2,0.0,1.0,1.0
32,3,0.0,1.0,1.0
32,4,-6.0,1.0,6.082762530298219
32,5,-2.0,1.0,2.23606797749979
32,6,1.0,1.0,1.4142135623730951
32,7,-1.0,2.0,2.23606797749979
32,8,0.0,2.0,2.0
32,9,1.0,3.0,3.1622776601683795
32,10,2.0,5.0,5.385164807134504
32,11,-3.0,5.0,5.830951894845301
32,12,0.0,5.0,5.0
32,13,5.0,6.0,7.810249675906654
32,14,6.0,7.0,9.219544457292887
32,15,4.0,8.0,8.94427190999916
32,16,2.0,7.0,7.280109889280518
32,17,2.0,7.0,7.280109889280518
32,18,2.0,8.0,8.246211251235321
32,19,1.0,8.0,8.06225774829855
32,20,1.0,8.0,8.06225774829855
32,21,1.0,8.0,8.06225774829855
32,22,1.0,9.0,9.055385138137417
32,23,2.0,9.0,9.219544457292887
32,24,2.0,10.0,10.198039027185569
32,25,4.0,10.0,10.770329614269007
32,26,4.0,10.0,10.770329614269007
32,27,3.0,10.0,10.44030650891055
32,28,3.0,10.0,10.44030650891055
32,29,2.0,10.0,10.198039027185569
32,30,3.0,10.0,10.44030650891055
32,31,3.0,10.0,10.44030650891055
32,32,3.0,11.0,11.40175425099138
32,33,3.0,11.0,11.40175425099138
32,34,4.0,11.0,11.704699910719626
32,35,7.0,12.0,13.892443989449804
32,36,10.0,12.0,15.620499351813308
32,37,15.0,11.0,18.601075237738275
32,41,22.0,7.0,23.08679276123039
32,42,23.0,7.0,24.041630560342615
32,43,16.0,7.0,17.46424919657298
33,1,0.0,0.0,0.0
33,2,-1.0,1.0,1.4142135623730951
33,3,1.0,0.0,1.0
33,4,1.0,0.0,1.0
33,5,0.0,0.0,0.0
33,6,0.0,0.0,0.0
33,7,1.0,1.0,1.4142135623730951
33,8,1.0,2.0,2.23606797749979
33,9,0.0,4.0,4.0
33,10,-1.0,6.0,6.082762530298219
33,11,-1.0,6.0,6.082762530298219
33,12,0.0,6.0,6.0
33,13,-1.0,7.0,7.0710678118654755
33,14,-3.0,9.0,9.486832980505138
33,15,-6.0,11.0,12.529964086141668
33,16,-11.0,12.0,16.278820596099706
33,17,-14.0,15.0,20.518284528683193
33,18,-17.0,17.0,24.041630560342615
33,19,-19.0,19.0,26.870057685088806
33,20,-22.0,23.0,31.827660925679098
33,21,-23.0,25.0,33.97057550292606
33,22,-23.0,28.0,36.235341863986875
33,23,-23.0,29.0,37.013511046643494
33,24,-23.0,32.0,39.408120990476064
33,25,-22.0,34.0,40.496913462633174
33,26,-22.0,37.0,43.04648650006177
33,27,-22.0,39.0,44.77722635447622
33,28,-22.0,43.0,48.30113870293329
33,29,-22.0,46.0,50.99019513592785
33,30,-22.0,50.0,54.62600113499065
33,31,-23.0,52.0,56.859475903318
33,32,-25.0,55.0,60.41522986797286
33,33,-26.0,56.0,61.741396161732524
33,34,-28.0,58.0,64.40496875241847
33,35,-28.0,61.0,67.11929677819934
33,36,-29.0,63.0,69.35416353759881
33,37,-28.0,66.0,71.69379331573968
33,44,-35.0,63.0,72.069410986909
33,45,-36.0,70.0,78.71467461661771
33,46,-35.0,70.0,78.26237921249263
33,47,-36.0,71.0,79.60527620704548
33,48,-36.0,70.0,78.71467461661771
33,49,-36.0,70.0,78.71467461661771
33,50,-36.0,69.0,77.82673062643708
33,51,-36.0,70.0,78.71467461661771
33,52,-36.0,69.0,77.82673062643708
33,53,-36.0,69.0,77.82673062643708
33,54,-36.0,68.0,76.94153624668537
33,55,-36.0,69.0,77.82673062643708
33,56,-36.0,69.0,77.82673062643708
33,57,-36.0,69.0,77.82673062643708
33,58,-36.0,70.0,78.71467461661771
33,59,-36.0,69.0,77.82673062643708
33,60,-36.0,69.0,77.82673062643708
33,61,-36.0,69.0,77.82673062643708
33,62,-36.0,69.0,77.82673062643708
33,63,-36.0,69.0,77.82673062643708
33,64,-36.0,69.0,77.82673062643708
33,65,-36.0,69.0,77.82673062643708
33,66,-36.0,69.0,77.82673062643708
33,67,-36.0,69.0,77.82673062643708
33,68,-36.0,69.0,77.82673062643708
33,69,-36.0,69.0,77.82673062643708
33,70,-36.0,69.0,77.82673062643708
33,71,-36.0,69.0,77.82673062643708
34,1,-1.0,0.0,1.0
34,2,-1.0,1.0,1.4142135623730951
34,3,-3.0,-1.0,3.1622776601683795
34,4,-4.0,-1.0,4.123105625617661
34,5,-4.0,-1.0,4.123105625617661
34,6,-3.0,-1.0,3.1622776601683795
34,7,-4.0,0.0,4.0
34,8,-5.0,0.0,5.0
34,9,-5.0,2.0,5.385164807134504
34,10,-4.0,4.0,5.656854249492381
34,11,-6.0,3.0,6.708203932499369
34,12,-5.0,4.0,6.4031242374328485
34,13,-5.0,5.0,7.0710678118654755
34,14,-5.0,7.0,8.602325267042627
34,15,-5.0,9.0,10.295630140987
34,16,-6.0,11.0,12.529964086141668
34,17,-7.0,13.0,14.7648230602334
34,18,-7.0,16.0,17.46424919657298
34,19,-6.0,18.0,18.973665961010276
34,20,-7.0,21.0,22.135943621178654
34,21,-7.0,22.0,23.08679276123039
34,22,-7.0,25.0,25.96150997149434
34,23,-8.0,27.0,28.160255680657446
34,24,-8.0,30.0,31.04834939252005
34,25,-6.0,32.0,32.55764119219941
34,26,-4.0,34.0,34.23448553724738
34,27,-2.0,36.0,36.05551275463989
34,28,-2.0,38.0,38.05259518088089
34,29,-1.0,40.0,40.01249804748511
34,30,-1.0,45.0,45.0111097397076
34,31,-1.0,47.0,47.01063709417264
34,32,0.0,49.0,49.0
34,33,0.0,53.0,53.0
34,34,1.0,57.0,57.0087712549569
34,35,2.0,59.0,59.033888572581766
34,36,2.0,61.0,61.032778078668514
34,37,1.0,65.0,65.00769185258002
34,38,3.0,69.0,69.06518659932803
34,39,1.0,74.0,74.00675644831355
34,40,0.0,78.0,78.0
34,41,0.0,82.0,82.0
35,1,0.0,0.0,0.0
35,2,1.0,0.0,1.0
35,3,0.0,0.0,0.0
35,4,1.0,0.0,1.0
35,5,1.0,0.0,1.0
35,6,1.0,0.0,1.0
35,7,1.0,1.0,1.4142135623730951
35,8,2.0,2.0,2.8284271247461903
35,9,0.0,3.0,3.0
35,10,-4.0,4.0,5.656854249492381
35,11,-4.0,4.0,5.656854249492381
35,12,-4.0,4.0,5.656854249492381
35,13,-7.0,5.0,8.602325267042627
35,14,-9.0,6.0,10.816653826391969
35,15,-12.0,7.0,13.892443989449804
35,16,-19.0,6.0,19.924858845171276
35,17,-21.0,5.0,21.587033144922902
35,18,-26.0,7.0,26.92582403567252
35,19,-30.0,8.0,31.04834939252005
35,20,-33.0,7.0,33.734255586866
35,21,-35.0,7.0,35.6931365951495
35,22,-38.0,7.0,38.63935817272331
35,23,-40.0,7.0,40.607881008493905
35,24,-46.0,7.0,46.52956049652737
35,25,-46.0,7.0,46.52956049652737
35,26,-45.0,7.0,45.5411901469428
35,27,-45.0,7.0,45.5411901469428
35,28,-45.0,7.0,45.5411901469428
35,29,-44.0,7.0,44.553338819890925
35,30,-45.0,7.0,45.5411901469428
35,31,-45.0,7.0,45.5411901469428
35,32,-46.0,8.0,46.69047011971501
35,33,-47.0,8.0,47.67598976424087
35,34,-47.0,8.0,47.67598976424087
35,35,-48.0,8.0,48.662100242385755
35,36,-46.0,5.0,46.2709412050371
35,37,-49.0,5.0,49.25444142409901
35,38,-51.0,5.0,51.24451190127583
35,39,-52.0,5.0,52.23983154643591
35,40,-53.0,6.0,53.33854141237835
35,41,-54.0,6.0,54.3323108288245
35,42,-56.0,7.0,56.43580423808985
35,43,-58.0,6.0,58.309518948453004
36,1,0.0,0.0,0.0
36,2,0.0,0.0,0.0
36,3,-1.0,0.0,1.0
36,4,-4.0,0.0,4.0
36,5,-2.0,0.0,2.0
36,6,1.0,0.0,1.0
36,7,1.0,1.0,1.4142135623730951
36,8,3.0,1.0,3.1622776601683795
36,9,2.0,2.0,2.8284271247461903
36,10,3.0,3.0,4.242640687119285
36,11,0.0,4.0,4.0
36,12,1.0,4.0,4.123105625617661
36,13,5.0,4.0,6.4031242374328485
36,14,4.0,4.0,5.656854249492381
36,15,3.0,6.0,6.708203932499369
36,16,4.0,5.0,6.4031242374328485
36,17,3.0,5.0,5.830951894845301
36,18,4.0,7.0,8.06225774829855
36,19,3.0,7.0,7.615773105863909
36,20,4.0,6.0,7.211102550927978
36,21,4.0,7.0,8.06225774829855
36,22,4.0,8.0,8.94427190999916
36,23,6.0,8.0,10.0
36,24,7.0,9.0,11.40175425099138
36,25,9.0,10.0,13.45362404707371
36,26,9.0,10.0,13.45362404707371
36,27,10.0,10.0,14.142135623730951
36,28,11.0,11.0,15.556349186104045
36,29,10.0,11.0,14.866068747318506
36,30,12.0,11.0,16.278820596099706
36,31,11.0,11.0,15.556349186104045
36,32,12.0,12.0,16.97056274847714
36,33,12.0,12.0,16.97056274847714
36,34,13.0,12.0,17.69180601295413
36,35,19.0,12.0,22.47220505424423
36,36,23.0,11.0,25.495097567963924
36,37,23.0,11.0,25.495097567963924
37,1,0.0,0.0,0.0
37,2,1.0,1.0,1.4142135623730951
37,3,1.0,0.0,1.0
37,4,1.0,0.0,1.0
37,5,1.0,0.0,1.0
37,6,2.0,-1.0,2.23606797749979
37,7,2.0,0.0,2.0
37,8,2.0,1.0,2.23606797749979
37,9,3.0,3.0,4.242640687119285
37,10,2.0,5.0,5.385164807134504
37,11,2.0,5.0,5.385164807134504
37,12,2.0,5.0,5.385164807134504
37,13,1.0,6.0,6.082762530298219
37,14,0.0,8.0,8.0
37,15,-2.0,10.0,10.198039027185569
37,16,-5.0,13.0,13.92838827718412
37,17,-10.0,16.0,18.867962264113206
37,18,-12.0,18.0,21.633307652783937
37,19,-14.0,20.0,24.413111231467404
37,20,-17.0,22.0,27.80287754891569
37,21,-19.0,24.0,30.610455730027933
37,22,-17.0,29.0,33.61547262794322
37,23,-18.0,30.0,34.9857113690718
37,24,-18.0,33.0,37.589892258425
37,25,-17.0,35.0,38.91015291668744
37,26,-16.0,38.0,41.23105625617661
37,27,-16.0,40.0,43.08131845707603
37,28,-17.0,42.0,45.31004303683677
37,29,-16.0,44.0,46.8187996428785
37,30,-16.0,47.0,49.64876634922564
37,31,-16.0,49.0,51.54609587543949
37,32,-15.0,52.0,54.120236510939236
37,33,-15.0,54.0,56.04462507680822
37,34,-16.0,57.0,59.20304046246274
37,35,-17.0,60.0,62.36184731067546
37,36,-15.0,62.0,63.788713735268246
37,37,-15.0,65.0,66.70832032063167
37,44,-17.0,69.0,71.06335201775947
37,45,-17.0,66.0,68.15423684555495
37,46,-17.0,67.0,69.12307863514182
37,47,-17.0,67.0,69.12307863514182
37,48,-18.0,67.0,69.3757882838098
37,49,-18.0,67.0,69.3757882838098
37,50,-18.0,67.0,69.3757882838098
37,51,-18.0,67.0,69.3757882838098
37,52,-18.0,67.0,69.3757882838098
37,53,-18.0,67.0,69.3757882838098
37,54,-18.0,68.0,70.3420215802759
37,55,-18.0,67.0,69.3757882838098
37,56,-18.0,67.0,69.3757882838098
37,57,-18.0,67.0,69.3757882838098
37,58,-19.0,68.0,70.60453243241541
37,59,-19.0,68.0,70.60453243241541
37,60,-19.0,68.0,70.60453243241541
37,61,-19.0,68.0,70.60453243241541
37,62,-19.0,68.0,70.60453243241541
37,63,-19.0,68.0,70.60453243241541
37,64,-19.0,68.0,70.60453243241541
37,65,-19.0,68.0,70.60453243241541
37,66,-19.0,68.0,70.60453243241541
37,67,-19.0,68.0,70.60453243241541
37,68,-19.0,68.0,70.60453243241541
37,69,-19.0,68.0,70.60453243241541
37,70,-19.0,68.0,70.60453243241541
37,71,-19.0,68.0,70.60453243241541
38,1,0.0,0.0,0.0
38,2,0.0,1.0,1.0
38,3,-2.0,-1.0,2.23606797749979
38,4,-2.0,-1.0,2.23606797749979
38,5,-2.0,-1.0,2.23606797749979
38,6,-1.0,-1.0,1.4142135623730951
38,7,-1.0,0.0,1.0
38,8,-2.0,0.0,2.0
38,9,-2.0,2.0,2.8284271247461903
38,10,-2.0,3.0,3.605551275463989
38,11,-5.0,2.0,5.385164807134504
38,12,-4.0,3.0,5.0
38,13,-2.0,5.0,5.385164807134504
38,14,-2.0,7.0,7.280109889280518
38,15,-4.0,8.0,8.94427190999916
38,16,-6.0,10.0,11.661903789690601
38,17,-7.0,13.0,14.7648230602334
38,18,-7.0,16.0,17.46424919657298
38,19,-7.0,18.0,19.313207915827967
38,20,-12.0,19.0,22.47220505424423
38,21,-14.0,20.0,24.413111231467404
38,22,-15.0,23.0,27.459060435491963
38,23,-15.0,25.0,29.154759474226502
38,24,-16.0,27.0,31.38470965295043
38,25,-12.0,29.0,31.38470965295043
38,26,-6.0,33.0,33.54101966249684
38,27,-5.0,35.0,35.35533905932738
38,28,-5.0,36.0,36.345563690772494
38,29,-5.0,39.0,39.319206502675
38,30,-5.0,43.0,43.289721643826724
38,31,-5.0,45.0,45.27692569068709
38,32,-7.0,48.0,48.507731342539614
38,33,-4.0,53.0,53.150729063673246
38,34,-3.0,59.0,59.07622195096772
38,35,-5.0,64.0,64.19501538281614
38,36,-7.0,71.0,71.34423592694787
39,1,0.0,0.0,0.0
39,2,0.0,0.0,0.0
39,3,1.0,0.0,1.0
39,4,1.0,0.0,1.0
39,5,-1.0,1.0,1.4142135623730951
39,6,0.0,1.0,1.0
39,7,1.0,1.0,1.4142135623730951
39,8,2.0,2.0,2.8284271247461903
39,9,2.0,3.0,3.605551275463989
39,10,-1.0,5.0,5.0990195135927845
39,11,-1.0,5.0,5.0990195135927845
39,12,-1.0,5.0,5.0990195135927845
39,13,-4.0,6.0,7.211102550927978
39,14,-6.0,7.0,9.219544457292887
39,15,-9.0,8.0,12.041594578792296
39,16,-16.0,8.0,17.88854381999832
39,41,-9.0,10.0,13.45362404707371
39,42,-4.0,10.0,10.770329614269007
39,43,-1.0,9.0,9.055385138137417
40,1,0.0,0.0,0.0
40,2,-3.0,0.0,3.0
40,6,-9.0,1.0,9.055385138137417
40,7,-9.0,1.0,9.055385138137417
40,8,-9.0,2.0,9.219544457292887
40,9,-7.0,3.0,7.615773105863909
40,10,-8.0,5.0,9.433981132056603
40,11,-10.0,5.0,11.180339887498949
40,12,-10.0,5.0,11.180339887498949
40,13,-6.0,6.0,8.48528137423857
40,16,2.0,8.0,8.246211251235321
40,17,0.0,8.0,8.0
40,18,-1.0,9.0,9.055385138137417
40,19,-2.0,10.0,10.198039027185569
40,20,-2.0,10.0,10.198039027185569
40,21,-1.0,10.0,10.04987562112089
40,22,0.0,11.0,11.0
40,23,2.0,11.0,11.180339887498949
40,24,4.0,11.0,11.704699910719626
40,25,5.0,11.0,12.083045973594572
40,26,5.0,11.0,12.083045973594572
40,27,4.0,12.0,12.649110640673518
40,28,6.0,12.0,13.416407864998739
40,29,6.0,12.0,13.416407864998739
40,30,7.0,12.0,13.892443989449804
40,31,11.0,12.0,16.278820596099706
40,34,21.0,12.0,24.186773244895647
40,35,22.0,12.0,25.059928172283335
40,36,23.0,12.0,25.942243542145693
41,1,0.0,0.0,0.0
41,2,0.0,0.0,0.0
41,3,1.0,-1.0,1.4142135623730951
41,4,1.0,0.0,1.0
41,5,1.0,0.0,1.0
41,6,2.0,-1.0,2.23606797749979
41,7,2.0,0.0,2.0
41,8,2.0,1.0,2.23606797749979
41,9,2.0,3.0,3.605551275463989
41,10,2.0,5.0,5.385164807134504
41,11,2.0,5.0,5.385164807134504
41,12,2.0,5.0,5.385164807134504
41,13,2.0,7.0,7.280109889280518
41,14,1.0,9.0,9.055385138137417
41,15,0.0,10.0,10.0
41,16,-5.0,13.0,13.92838827718412
41,17,-2.0,16.0,16.1245154965971
41,18,-5.0,18.0,18.681541692269406
41,19,-8.0,20.0,21.540659228538015
41,20,-8.0,22.0,23.40939982143925
41,21,-11.0,25.0,27.313000567495326
41,22,-10.0,27.0,28.792360097775937
41,67,-12.0,36.0,37.94733192202055
41,68,-12.0,36.0,37.94733192202055
41,69,-13.0,37.0,39.21734310225516
41,70,-13.0,37.0,39.21734310225516
41,71,-13.0,37.0,39.21734310225516
